21,"ABDUL AZIZ"
22,"ABDUL AZIZ KAMIS"
23,"Ir. AHMAD DAILAMI"
24,"AH. MANSUR, S.E., M.Pd.I"
25,"ALWI"
26,"AMALIAH, S.KG"
27,"ARNIZA NILAWATI, S.E., M.M"
28,"Hj. ASMAWATI, S.E, M.M"
29,"CHARMA AFRIANTO"
30,"H. DARWIN AZHAR, S.E., M.M"
31,"Hj. EVA SUSANTI"
32,"FARID NUMAIRY, S.I.P"
33,"FEKRI JULIANSYAH, S.IP"
34,"FIDYA YUSRI, S.I.Kom"
35,"Dr. JANTO CHANDRA, S.H, M.Hum"
36,"JIALYKA MAHARANI"
37,"Ir. KUSWARI MARZUK"
38,"LESI HERTATI, S.E., Ak., M.Si. CA., CTA"
39,"Hj. LIES SHANTI GHASELA"
40,"LIUS EKA BRAHMA SAPUTRA, S.H., M.Kn"
41,"Ir. Hj. LUCIANTY, S.E."
42,"MASAYU ZURAIDAH, S.E"
43,"MICHA CASSIOVIA, S.E"
44,"MISIKA DASA HAFRIDA, S.H"
45,"MUHAMMAD AMINUDDIN, S.H"
46,"MUHAMMAD ARIF GUNAWAN, S.E., S.H., M.H"
47,"Drs. H. MULYADI ADNAN, M.Si"
48,"H. M. YUSUF MEKKI, S.Sos"
49,"NANDRIANI OCTARINA, S.PSi., CHA"
50,"SISKA MARLENI, S.E., M.Si"
51,"H. TAUFIK RAHMAN, S.H"
52,"YUDHA MAHROM DS, S.E., M.Si"
53,"H. YUSWAR HIDAYATULLAH, S.IP., M.AP"
